{
  "runtime": "Net80",
  "defaultVariables": null,
  "documentGenerator": {
    "aspNetCoreToOpenApi": {
      "project": "NewsAI.csproj",
      "msBuildProjectExtensionsPath": null,
      "configuration": null,
      "runtime": null,
      "targetFramework": null,
      "noBuild": false,
      "verbose": false,
      "workingDirectory": null,
      "requireParametersWithoutDefault": false,
      "apiGroupNames": null,
      "defaultPropertyNameHandling": "CamelCase",
      "defaultReferenceTypeNullHandling": "Null",
      "defaultDictionaryValueReferenceTypeNullHandling": "NotNull",
      "defaultResponseReferenceTypeNullHandling": "NotNull",
      "generateOriginalParameterNames": true,
      "defaultEnumHandling": "Integer",
      "flattenInheritanceHierarchy": false,
      "generateKnownTypes": true,
      "generateEnumMappingDescription": false,
      "generateXmlObjects": false,
      "generateAbstractProperties": false,
      "generateAbstractSchemas": true,
      "ignoreObsoleteProperties": false,
      "allowReferencesWithProperties": false,
      "excludedTypeNames": [],
      "serviceHost": "localhost:7256",
      "serviceBasePath": "/",
      "serviceSchemes": ["https"],
      "infoTitle": "NewsAI API",
      "infoDescription": null,
      "infoVersion": "1.0.0",
      "documentTemplate": null,
      "documentProcessorTypes": [],
      "operationProcessorTypes": [],
      "typeNameGeneratorType": null,
      "schemaNameGeneratorType": null,
      "contractResolverType": null,
      "serializerSettingsType": null,
      "useDocumentProvider": true,
      "documentName": "v1",
      "aspNetCoreEnvironment": null,
      "createWebHostBuilderMethod": null,
      "startupType": null,
      "allowNullableBodyParameters": true,
      "output": "swagger.json",
      "outputType": "Swagger2",
      "newLineBehavior": "Auto",
      "assemblyPaths": [],
      "assemblyConfig": null,
      "referencePaths": [],
      "useNuGetCache": false
    }
  },
  "codeGenerators": {
    "openApiToTypeScriptClient": {
      "className": "{controller}Client",
      "moduleName": "",
      "namespace": "",
      "typeScriptVersion": 4.3,
      "template": "Fetch",
      "promiseType": "Promise",
      "httpClass": "HttpClient",
      "withCredentials": false,
      "useSingletonProvider": false,
      "injectionTokenType": "InjectionToken",
      "rxJsVersion": 6.0,
      "dateTimeType": "Date",
      "nullValue": "Undefined",
      "generateClientClasses": true,
      "generateClientInterfaces": true,
      "generateOptionalParameters": false,
      "exportTypes": true,
      "wrapDtoExceptions": false,
      "exceptionClass": "ApiException",
      "clientBaseClass": null,
      "wrapResponses": false,
      "wrapResponseMethods": [],
      "generateResponseClasses": true,
      "responseClass": "SwaggerResponse",
      "protectedMethods": [],
      "configurationClass": null,
      "useTransformOptionsMethod": false,
      "useTransformResultMethod": false,
      "generateDtoTypes": true,
      "operationGenerationMode": "MultipleClientsFromOperationId",
      "markOptionalProperties": true,
      "generateCloneMethod": false,
      "typeStyle": "Class",
      "enumStyle": "Enum",
      "useLeafType": false,
      "classTypes": [],
      "extendedClasses": [],
      "extensionCode": null,
      "generateDefaultValues": true,
      "excludedTypeNames": [],
      "excludedParameterNames": [],
      "handleReferences": false,
      "generateTypeCheckFunctions": false,
      "generateConstructorInterface": true,
      "convertConstructorInterfaceData": false,
      "importRequiredTypes": true,
      "useGetBaseUrlMethod": false,
      "baseUrlTokenName": "API_BASE_URL",
      "queryNullValue": "",
      "useAbortSignal": false,
      "inlineNamedDictionaries": false,
      "inlineNamedAny": false,
      "includeHttpContext": false,
      "templateDirectory": null,
      "typeNameGeneratorType": null,
      "propertyNameGeneratorType": null,
      "enumNameGeneratorType": null,
      "serviceHost": null,
      "serviceSchemes": null,
      "output": "../Astro-Web/src/types/api-client.ts"
    }
  }
}