{
  "contextos": {
    "baloncesto": {
      "hashtags": ["#baloncesto", "#NBA", "#basketball", "#basquet", "#deportes"],
      "categoria": "deportes",
      "palabrasClaves": [
        "lakers", "warriors", "celtics", "bulls", "heat", "spurs", "nets", "knicks", "clippers", "nuggets", "suns", "76ers", "bucks", "rockets", "mavericks", "mavs", "pistons", "pacers", "magic", "hornets", "jazz", "blazers", "kings", "grizzlies", "pelicans", "timberwolves", "thunder",
        "lebron james", "lebron", "stephen curry", "curry", "kevin durant", "durant", "giannis antetokounmpo", "giannis", "luka doncic", "luka", "nikola jokic", "jokic", "joel embiid", "embiid", "jayson tatum", "tatum", "ja morant", "morant", "zion williamson", "zion", "anthony davis", "damian lillard", "lillard", "kawhi leonard", "kawhi", "paul george", "chris paul", "russell westbrook", "kyrie irving", "kyrie", "james harden", "harden", "devin booker", "booker", "donovan mitchell", "mitchell", "klay thompson", "draymond green", "jimmy butler", "bam adebayo", "tyler herro", "pascal siakam", "fred vanvleet", "trae young", "dejounte murray", "shai gilgeous-alexander", "paolo banchero", "victor wembanyama", "wembanyama", "scottie barnes", "evan mobley", "cade cunningham", "jalen green", "franz wagner", "alperen sengun", "nic claxton", "mikal bridges", "jrue holiday", "kristaps porzingis", "derrick white", "malcolm brogdon", "marcus smart",
        "michael jordan", "jordan", "kobe bryant", "kobe", "shaquille o'neal", "shaq", "tim duncan", "magic johnson", "larry bird", "kareem abdul-jabbar", "wilt chamberlain", "bill russell", "oscar robertson", "jerry west", "dirk nowitzki", "pau gasol", "marc gasol", "tony parker", "manu ginobili",
        "nba", "basketball", "canasta", "triple", "rebote", "asistencia", "bloqueo", "falta personal", "tiro libre", "bandeja", "mate", "alley-oop", "pick and roll", "zona", "perímetro", "cuarto", "overtime", "tiempo muerto", "timeout", "sustitución", "banco", "titular", "sexto hombre",
        "playoffs", "finals", "conference finals", "first round", "second round", "play-in", "all-star", "all-star game", "all-star weekend", "slam dunk contest", "three-point contest", "skills challenge", "draft", "draft lottery", "rookie", "sophomore", "veteran", "mvp", "finals mvp", "dpoy", "sixth man", "most improved", "rookie of the year", "coach of the year", "executive of the year",
        "eastern conference", "western conference", "atlantic division", "central division", "southeast division", "northwest division", "pacific division", "southwest division",
        "real madrid baloncesto", "real madrid basket", "barcelona basket", "fc barcelona basket", "baskonia", "valencia basket", "unicaja malaga", "joventut badalona", "estudiantes", "fuenlabrada", "burgos", "manresa", "zaragoza", "breogan", "gran canaria", "murcia", "girona", "acb", "liga acb", "copa del rey baloncesto", "supercopa acb", "euroliga", "euroleague", "eurocup", "champions league basketball", "fiba",
        "ricky rubio", "sergio rodriguez", "sergio llull", "rudy fernandez", "marc gasol", "pau gasol", "nikola mirotic", "juan carlos navarro", "jose calderon", "jorge garbajosa", "felipe reyes", "victor claver", "alex abrines", "willy hernangomez", "juancho hernangomez", "santi aldama", "usman garuba"
      ],
      "pesos": {
        "nba": 5, "basketball": 5, "lakers": 4, "warriors": 4, "celtics": 4, "lebron": 4, "curry": 4, "playoffs": 4, "finals": 4, "mvp": 4, "all-star": 3, "draft": 3, "triple": 3, "canasta": 3, "rebote": 3, "euroliga": 3, "acb": 3, "pau gasol": 3, "marc gasol": 3, "ricky rubio": 3
      }
    },
    "futbol": {
      "hashtags": ["#futbol", "#football", "#soccer", "#deportes"],
      "categoria": "deportes",
      "palabrasClaves": [
        "real madrid", "madrid", "fc barcelona", "barcelona", "barça", "barca", "atletico madrid", "atlético madrid", "atlético", "atleti", "valencia cf", "valencia", "sevilla fc", "sevilla", "athletic bilbao", "athletic", "real sociedad", "la real", "villarreal", "real betis", "betis", "rc celta", "celta", "getafe", "las palmas", "ud las palmas", "rayo vallecano", "rayo", "espanyol", "osasuna", "cadiz", "elche", "mallorca", "almeria", "girona", "alaves",
        "manchester united", "united", "manchester city", "city", "liverpool", "chelsea", "arsenal", "tottenham", "spurs", "newcastle", "west ham", "brighton", "crystal palace", "fulham", "brentford", "aston villa", "nottingham forest", "wolves", "everton", "leicester", "leeds", "southampton", "bournemouth",
        "bayern munich", "bayern", "borussia dortmund", "dortmund", "bvb", "rb leipzig", "leipzig", "bayer leverkusen", "leverkusen", "eintracht frankfurt", "frankfurt", "union berlin", "freiburg", "wolfsburg", "monchengladbach", "hoffenheim", "mainz", "augsburg", "hertha berlin", "koln", "stuttgart", "schalke",
        "paris saint-germain", "psg", "marseille", "lyon", "lille", "monaco", "nice", "rennes", "strasbourg", "lens", "montpellier", "nantes", "reims", "brest", "angers", "metz", "bordeaux", "saint-etienne",
        "juventus", "juve", "ac milan", "milan", "inter milan", "inter", "napoli", "as roma", "roma", "lazio", "atalanta", "fiorentina", "torino", "sassuolo", "udinese", "bologna", "sampdoria", "genoa", "cagliari", "venezia", "spezia", "salernitana",
        "lionel messi", "messi", "cristiano ronaldo", "cristiano", "ronaldo", "cr7", "karim benzema", "benzema", "kylian mbappé", "mbappe", "erling haaland", "haaland", "neymar jr", "neymar", "robert lewandowski", "lewandowski", "mohamed salah", "salah", "sadio mané", "mane", "kevin de bruyne", "de bruyne", "luka modric", "modric", "toni kroos", "kroos", "casemiro", "sergio ramos", "ramos", "virgil van dijk", "van dijk", "joshua kimmich", "kimmich", "n'golo kanté", "kante", "paul pogba", "pogba", "bruno fernandes", "fernandes", "harry kane", "kane", "son heung-min", "son", "raheem sterling", "sterling", "riyad mahrez", "mahrez", "jadon sancho", "sancho", "phil foden", "foden", "mason mount", "mount", "declan rice", "rice", "jude bellingham", "bellingham", "pedri", "gavi", "ansu fati", "fati", "ferran torres", "torres", "dani olmo", "olmo", "pablo gavi", "gerard pique", "pique", "jordi alba", "alba", "sergio busquets", "busquets", "frenkie de jong", "de jong", "ronald araujo", "araujo", "jules kounde", "kounde", "raphinha", "ousmane dembele", "dembele", "memphis depay", "depay", "antoine griezmann", "griezmann", "joao felix", "felix", "alvaro morata", "morata", "marcos llorente", "llorente", "koke", "saul niguez", "saul", "jan oblak", "oblak", "thibaut courtois", "courtois", "marc-andre ter stegen", "ter stegen", "unai simon", "kepa arrizabalaga", "kepa", "david de gea", "de gea", "iker casillas", "casillas", "raul gonzalez", "raul", "fernando torres", "xavi hernandez", "xavi", "andres iniesta", "iniesta", "sergio aguero", "aguero", "david villa", "villa", "carlos puyol", "puyol", "carles puyol", "isco", "marco asensio", "asensio", "vinicius junior", "vinicius", "rodrygo", "eduardo camavinga", "camavinga", "aurelien tchouameni", "tchouameni", "federico valverde", "valverde", "eder militao", "militao", "antonio rudiger", "rudiger", "ferland mendy", "mendy", "dani carvajal", "carvajal", "nacho fernandez", "nacho", "lucas vazquez", "vazquez",
        "la liga", "laliga", "primera division", "champions league", "champions", "liga de campeones", "europa league", "europa", "conference league", "copa del rey", "supercopa de españa", "supercopa", "premier league", "epl", "bundesliga", "serie a", "ligue 1", "liga nos", "eredivisie", "primeira liga", "scottish premiership", "mls", "liga mx", "brasileirao", "serie a brasil", "copa libertadores", "libertadores", "copa sudamericana", "sudamericana", "mundial", "world cup", "copa del mundo", "eurocopa", "euro", "copa america", "nations league", "liga de naciones", "qualifiers", "eliminatorias", "playoff", "repechaje",
        "futbol", "football", "soccer", "balompie", "gol", "goal", "penalty", "penalti", "penal", "falta", "tarjeta amarilla", "amarilla", "tarjeta roja", "roja", "expulsion", "corner", "córner", "saque de esquina", "tiro libre", "free kick", "offside", "fuera de juego", "var", "arbitro", "referee", "portero", "arquero", "goalkeeper", "defensa", "defender", "centrocampista", "midfielder", "delantero", "forward", "striker", "extremo", "winger", "lateral", "central", "pivote", "mediapunta", "enganche", "cariloca", "regate", "dribbling", "pase", "pass", "asistencia", "assist", "centro", "cross", "cabezazo", "header", "volea", "volley", "chilena", "bicycle kick", "hat-trick", "poker", "manita", "goleada", "remontada", "comeback", "clasico", "derbi", "derby", "final", "semifinal", "cuartos", "octavos", "dieciseisavos", "playoff", "ascenso", "descenso", "relegation", "promotion", "fichaje", "signing", "transfer", "transferencia", "mercado", "window", "cesion", "loan", "renovacion", "renewal", "contrato", "contract", "clausula", "clause", "rescision", "termination", "entrenador", "coach", "manager", "dt", "director tecnico", "preparador", "asistente", "segundo", "masajista", "fisioterapeuta", "medico", "doctor", "utillero", "presidente", "director deportivo", "ojeador", "scout", "cantera", "academia", "youth", "juvenil", "cadete", "infantil", "alevin", "benjamin", "prebenjamin", "base", "formacion", "formation", "tactica", "strategy", "sistema", "4-4-2", "4-3-3", "3-5-2", "5-3-2", "presion", "pressing", "contraataque", "counter", "posesion", "possession", "tiki-taka", "gegenpressing", "catenaccio"
      ],
      "pesos": {
        "real madrid": 5, "barcelona": 5, "messi": 5, "cristiano": 5, "champions": 5, "la liga": 5, "gol": 4, "penalty": 4, "clasico": 4, "benzema": 4, "modric": 4, "pedri": 4, "vinicius": 4, "haaland": 4, "mbappe": 4, "futbol": 3, "madrid": 3, "atletico": 3, "valencia": 3, "sevilla": 3
      }
    },
    "tenis": {
      "hashtags": ["#tenis", "#tennis", "#ATP", "#WTA", "#deportes"],
      "categoria": "deportes",
      "palabrasClaves": [
        "rafael nadal", "nadal", "rafa", "novak djokovic", "djokovic", "nole", "roger federer", "federer", "fed express", "carlos alcaraz", "alcaraz", "charlitos", "daniil medvedev", "medvedev", "alexander zverev", "zverev", "sascha", "stefanos tsitsipas", "tsitsipas", "andrey rublev", "rublev", "casper ruud", "ruud", "hubert hurkacz", "hurkacz", "hubi", "felix auger-aliassime", "auger", "matteo berrettini", "berrettini", "jannik sinner", "sinner", "taylor fritz", "fritz", "cameron norrie", "norrie", "pablo carreno", "carreno", "roberto bautista", "bautista", "david goffin", "goffin", "grigor dimitrov", "dimitrov", "diego schwartzman", "schwartzman", "gael monfils", "monfils", "karen khachanov", "khachanov", "denis shapovalov", "shapovalov", "nick kyrgios", "kyrgios", "alex de minaur", "de minaur", "lorenzo musetti", "musetti", "holger rune", "rune", "frances tiafoe", "tiafoe", "sebastian korda", "korda", "tommy paul", "paul", "ben shelton", "shelton", "jenson brooksby", "brooksby",
        "iga swiatek", "swiatek", "iga", "aryna sabalenka", "sabalenka", "jessica pegula", "pegula", "elena rybakina", "rybakina", "caroline garcia", "garcia", "coco gauff", "gauff", "maria sakkari", "sakkari", "petra kvitova", "kvitova", "barbora krejcikova", "krejcikova", "belinda bencic", "bencic", "emma raducanu", "raducanu", "leylah fernandez", "fernandez", "paula badosa", "badosa", "garbine muguruza", "muguruza", "sara sorribes", "sorribes", "nuria parrizas", "parrizas", "cristina bucsa", "bucsa", "carla suarez", "suarez", "simona halep", "halep", "naomi osaka", "osaka", "serena williams", "serena", "venus williams", "venus", "ashleigh barty", "barty", "karolina pliskova", "pliskova", "elina svitolina", "svitolina", "victoria azarenka", "azarenka", "angelique kerber", "kerber", "garbine muguruza", "sloane stephens", "stephens", "madison keys", "keys", "jelena ostapenko", "ostapenko", "anastasia pavlyuchenkova", "pavlyuchenkova", "elise mertens", "mertens", "anett kontaveit", "kontaveit", "ons jabeur", "jabeur", "danielle collins", "collins", "amanda anisimova", "anisimova", "marketa vondrousova", "vondrousova", "karolina muchova", "muchova", "linda fruhvirtova", "fruhvirtova", "zheng qinwen", "zheng", "liudmila samsonova", "samsonova",
        "wimbledon", "roland garros", "french open", "us open", "australian open", "masters 1000", "atp 500", "atp 250", "wta 1000", "wta 500", "wta 250", "atp finals", "wta finals", "year end championships", "copa davis", "davis cup", "bjk cup", "billie jean king cup", "fed cup", "laver cup", "atp cup", "united cup", "hopman cup",
        "indian wells", "miami open", "monte carlo", "madrid open", "mutua madrid open", "rome", "italian open", "cincinnati", "western & southern open", "canada masters", "rogers cup", "shanghai masters", "paris masters", "halle", "queens", "eastbourne", "mallorca", "s-hertogenbosch", "stuttgart", "geneva", "lyon", "estoril", "marrakech", "houston", "munich", "barcelona open", "gstaad", "bastad", "hamburg", "umag", "newport", "los cabos", "washington", "winston-salem", "metz", "sofia", "rotterdam", "marseille", "dubai", "acapulco", "delray beach", "new york open", "adelaide", "auckland", "pune", "montpellier", "cordoba", "buenos aires", "rio", "santiago", "bogota", "budapest", "istanbul", "geneva", "strasbourg", "nuremberg", "birmingham", "berlin", "nottingham", "hertogenbosch", "bad homburg", "palermo", "lausanne", "bucharest", "budapest", "rabat", "strasbourg", "parma", "cluj", "hobart", "shenzhen", "brisbane", "perth", "chicago", "san jose", "granby", "cleveland", "guadalajara", "ostrava", "cologne", "antwerp", "vienna", "stockholm", "basel", "florence", "nur-sultan", "tel aviv", "tashkent", "tianjin", "beijing", "tokyo", "seoul", "osaka", "hiroshima", "pune", "doha", "adelaide international",
        "tenis", "tennis", "set", "game", "match", "partido", "punto", "point", "ace", "doble falta", "double fault", "break", "break point", "punto de break", "match point", "punto de partido", "set point", "punto de set", "game point", "punto de juego", "deuce", "iguales", "advantage", "ventaja", "love", "15", "30", "40", "tie-break", "tiebreak", "desempate", "super tie-break", "champions tie-break", "passing shot", "pasante", "winner", "ganador", "error no forzado", "unforced error", "error forzado", "forced error", "drop shot", "dejada", "lob", "globo", "smash", "remate", "volea", "volley", "drive", "derecha", "forehand", "reves", "backhand", "servicio", "serve", "saque", "devolucion", "return", "resto", "approach shot", "subida", "slice", "cortado", "topspin", "liftado", "flat", "plano", "kick serve", "saque liftado", "slice serve", "saque cortado", "primera", "first serve", "segunda", "second serve", "let", "net", "red", "out", "fuera", "in", "dentro", "challenge", "desafio", "hawk-eye", "ojo de halcon", "clay", "tierra batida", "hard court", "pista dura", "grass", "hierba", "indoor", "cubierta", "outdoor", "aire libre", "surface", "superficie", "ranking", "clasificacion", "atp", "wta", "puntos", "points", "seeding", "cabeza de serie", "wild card", "invitacion", "qualifier", "clasificado", "lucky loser", "perdedor afortunado", "walkover", "wo", "retirement", "abandono", "injury", "lesion", "medical timeout", "tiempo medico", "rain delay", "retraso por lluvia", "court", "pista", "center court", "pista central", "stadium", "estadio", "crowd", "publico", "fans", "aficionados", "coach", "entrenador", "box", "banquillo", "umpire", "arbitro", "line judge", "juez de linea", "ball boy", "ball girl", "recogepelotas"
      ],
      "pesos": {
        "wimbledon": 5, "roland garros": 5, "us open": 5, "australian open": 5, "nadal": 5, "djokovic": 5, "federer": 5, "alcaraz": 5, "atp": 4, "wta": 4, "masters 1000": 4, "grand slam": 4, "tenis": 3, "tennis": 3, "set": 3, "match": 3, "break": 3, "ace": 3
      }
    },
    "formula1": {
      "hashtags": ["#F1", "#Formula1", "#FormulaUno", "#automovilismo", "#deportes"],
      "categoria": "deportes",
      "palabrasClaves": [
        "ferrari", "scuderia ferrari", "mercedes", "mercedes-amg", "red bull racing", "red bull", "redbull", "mclaren", "mclaren racing", "alpine", "alpine f1", "aston martin", "aston martin f1", "alfa romeo", "alfa romeo racing", "alphatauri", "scuderia alphatauri", "haas", "haas f1", "williams", "williams racing", "racing bulls", "rb",
        "max verstappen", "verstappen", "super max", "lewis hamilton", "hamilton", "sir lewis", "charles leclerc", "leclerc", "il predestinato", "carlos sainz", "sainz", "carlos sainz jr", "fernando alonso", "alonso", "nano", "george russell", "russell", "gr63", "lando norris", "norris", "sergio perez", "perez", "checo", "oscar piastri", "piastri", "lance stroll", "stroll", "pierre gasly", "gasly", "esteban ocon", "ocon", "alexander albon", "albon", "logan sargeant", "sargeant", "yuki tsunoda", "tsunoda", "daniel ricciardo", "ricciardo", "honey badger", "nyck de vries", "de vries", "kevin magnussen", "magnussen", "kmag", "nico hulkenberg", "hulkenberg", "hulk", "zhou guanyu", "zhou", "valtteri bottas", "bottas", "sebastian vettel", "vettel", "seb", "kimi raikkonen", "raikkonen", "iceman", "michael schumacher", "schumacher", "schumi", "ayrton senna", "senna", "alain prost", "prost", "niki lauda", "lauda", "jackie stewart", "stewart", "jim clark", "clark", "juan manuel fangio", "fangio", "stirling moss", "moss", "james hunt", "hunt", "mika hakkinen", "hakkinen", "nigel mansell", "mansell", "damon hill", "hill", "jacques villeneuve", "villeneuve", "jenson button", "button", "rubens barrichello", "barrichello", "felipe massa", "massa", "mark webber", "webber", "david coulthard", "coulthard", "dc", "eddie irvine", "irvine", "ralf schumacher", "jarno trulli", "trulli", "giancarlo fisichella", "fisichella", "fisi",
        "bahrain", "sakhir", "bahrain grand prix", "saudi arabia", "jeddah", "saudi arabian grand prix", "australia", "melbourne", "albert park", "australian grand prix", "azerbaijan", "baku", "azerbaijan grand prix", "miami", "miami grand prix", "emilia romagna", "imola", "emilia romagna grand prix", "monaco", "monte carlo", "monaco grand prix", "spain", "barcelona", "catalunya", "spanish grand prix", "canada", "montreal", "canadian grand prix", "austria", "spielberg", "red bull ring", "austrian grand prix", "great britain", "silverstone", "british grand prix", "hungary", "hungaroring", "hungarian grand prix", "belgium", "spa", "spa-francorchamps", "belgian grand prix", "netherlands", "zandvoort", "dutch grand prix", "italy", "monza", "temple of speed", "italian grand prix", "singapore", "marina bay", "singapore grand prix", "japan", "suzuka", "japanese grand prix", "qatar", "losail", "qatar grand prix", "united states", "austin", "cota", "circuit of the americas", "us grand prix", "mexico", "mexico city", "mexican grand prix", "brazil", "interlagos", "sao paulo", "brazilian grand prix", "las vegas", "las vegas grand prix", "abu dhabi", "yas marina", "abu dhabi grand prix",
        "formula 1", "f1", "formula one", "fia", "federation internationale de l'automobile", "grand prix", "gran premio", "gp", "race", "carrera", "qualifying", "clasificacion", "qualy", "q1", "q2", "q3", "practice", "entrenamientos", "libres", "fp1", "fp2", "fp3", "sprint", "sprint race", "sprint qualifying", "sprint shootout", "pole position", "pole", "front row", "primera fila", "grid", "parrilla", "formation lap", "vuelta de formacion", "safety car", "coche de seguridad", "virtual safety car", "vsc", "red flag", "bandera roja", "yellow flag", "bandera amarilla", "green flag", "bandera verde", "checkered flag", "bandera a cuadros", "drs", "drag reduction system", "kers", "kinetic energy recovery system", "ers", "energy recovery system", "ers-k", "ers-h", "pit stop", "parada en boxes", "pit lane", "calle de boxes", "pit wall", "muro de boxes", "fastest lap", "vuelta rapida", "podium", "podio", "victory", "victoria", "win", "ganador", "second place", "segundo puesto", "third place", "tercer puesto", "points", "puntos", "championship", "campeonato", "drivers championship", "campeonato de pilotos", "constructors championship", "campeonato de constructores", "wdc", "wcc", "overtake", "overtaking", "adelantamiento", "undercut", "overcut", "strategy", "estrategia", "tire strategy", "estrategia de neumaticos", "pit window", "ventana de parada", "degradation", "degradacion", "tire wear", "desgaste", "compound", "compuesto", "hard", "medium", "soft", "blando", "intermediate", "wet", "lluvia", "slicks", "slick", "pirelli", "michelin", "bridgestone", "downforce", "carga aerodinamica", "drag", "resistencia", "wind tunnel", "tunel de viento", "aerodynamics", "aerodinamica", "ground effect", "efecto suelo", "porpoising", "rebote", "bouncing", "floor", "suelo", "diffuser", "difusor", "rear wing", "alerón trasero", "front wing", "alerón delantero", "sidepods", "pontones", "bargeboards", "deflectores", "halo", "cockpit", "habitaculo", "steering wheel", "volante", "paddle", "leva", "engine", "motor", "power unit", "unidad de potencia", "turbo", "hybrid", "hibrido", "fuel", "combustible", "weight", "peso", "ballast", "lastre", "balance", "equilibrio", "setup", "configuracion", "suspension", "suspension", "brakes", "frenos", "brake balance", "equilibrio de frenos", "brake bias", "differential", "diferencial", "gearbox", "caja de cambios", "transmission", "transmision", "clutch", "embrague", "electronics", "electronica", "telemetry", "telemetria", "data", "datos", "simulator", "simulador", "development", "desarrollo", "upgrade", "mejora", "performance", "rendimiento", "reliability", "fiabilidad", "dnf", "did not finish", "dns", "did not start", "dsq", "disqualified", "penalty", "penalizacion", "time penalty", "grid penalty", "penalizacion en parrilla", "drive through", "stop and go", "warning", "aviso", "reprimand", "reprimenda", "stewards", "comisarios", "investigation", "investigacion", "incident", "incidente", "collision", "colision", "crash", "accidente", "spin", "trompo", "lockup", "bloqueo", "flat spot", "aquaplaning", "debris", "escombros", "marshal", "comisario de pista", "corner", "curva", "straight", "recta", "chicane", "chicane", "hairpin", "horquilla", "esses", "sector", "sector", "mini sector", "timing", "cronometraje", "lap time", "tiempo por vuelta", "split", "parcial", "purple sector", "sector purpura", "personal best", "mejor personal", "track record", "record del circuito", "circuit", "circuito", "track", "pista", "asphalt", "asfalto", "curb", "kerb", "piano", "track limits", "limites de pista", "off track", "fuera de pista", "run off", "escapatoria", "gravel", "grava", "grass", "hierba", "barriers", "barreras", "tec pro", "armco", "marshal post", "puesto de comisarios", "grandstand", "grada", "spectators", "espectadores", "fans", "aficionados", "atmosphere", "ambiente", "television", "tv", "broadcast", "retransmision", "commentator", "comentarista", "driver", "piloto", "team principal", "director de equipo", "engineer", "ingeniero", "race engineer", "ingeniero de carrera", "mechanic", "mecanico", "pit crew", "equipo de boxes", "team", "equipo", "factory", "fabrica", "headquarters", "sede",         "sponsor", "patrocinador", "livery", "decoracion", "helmet", "casco", "fireproof suit", "mono ignifugo", "gloves", "guantes", "boots", "botas", "balaclava", "pasamontañas", "hans device", "fia superlicense", "superlicencia fia", "rookie", "novato", "veteran", "veterano", "legend", "leyenda", "hall of fame", "salon de la fama"
      ],
      "pesos": {
        "formula 1": 5, "f1": 5, "verstappen": 5, "hamilton": 5, "ferrari": 5, "mercedes": 5, "red bull": 5, "monaco": 5, "silverstone": 4, "spa": 4, "monza": 4, "pole position": 4, "podium": 4, "championship": 4, "leclerc": 4, "sainz": 4, "alonso": 4, "gran premio": 3, "qualifying": 3, "pit stop": 3, "safety car": 3, "drs": 3
      }
    },
    "apple": {
      "hashtags": ["#Apple", "#iPhone", "#tecnologia", "#tech", "#iOS"],
      "categoria": "tecnologia",
      "palabrasClaves": [
        "apple", "apple inc", "cupertino", "infinite loop", "apple park", "one apple park way",
        "iphone", "iphone 15", "iphone 15 pro", "iphone 15 pro max", "iphone 15 plus", "iphone 14", "iphone 14 pro", "iphone 14 pro max", "iphone 14 plus", "iphone 13", "iphone 13 pro", "iphone 13 pro max", "iphone 13 mini", "iphone 12", "iphone 12 pro", "iphone 12 pro max", "iphone 12 mini", "iphone 11", "iphone 11 pro", "iphone 11 pro max", "iphone se", "iphone se 2022", "iphone se 3rd generation",
        "ipad", "ipad pro", "ipad air", "ipad mini", "ipad 10th generation", "ipad 9th generation",
        "mac", "macbook", "macbook air", "macbook pro", "imac", "mac mini", "mac studio", "mac pro", "imac pro",
        "apple watch", "apple watch series 9", "apple watch series 8", "apple watch series 7", "apple watch se", "apple watch ultra", "apple watch ultra 2",
        "airpods", "airpods pro", "airpods pro 2nd generation", "airpods 3rd generation", "airpods 2nd generation", "airpods max",
        "apple tv", "apple tv 4k", "apple tv hd",
        "homepod", "homepod mini",
        "apple vision pro", "vision pro", "vr headset", "mixed reality", "spatial computing",
        "ios", "ios 17", "ios 16", "ios 15", "iphone operating system",
        "ipados", "ipados 17", "ipados 16", "ipad operating system",
        "macos", "macos sonoma", "macos ventura", "macos monterey", "macos big sur", "mac operating system",
        "watchos", "watchos 10", "watchos 9", "apple watch operating system",
        "tvos", "apple tv operating system",
        "visionos", "vision pro operating system",
        "siri", "voice assistant", "hey siri",
        "app store", "app store connect", "apple developer",
        "itunes", "apple music", "spotify competitor",
        "icloud", "cloud storage", "icloud+", "icloud drive", "icloud photos", "icloud backup",
        "facetime", "video calling", "facetime audio",
        "imessage", "messages", "blue bubbles",
        "safari", "web browser", "webkit",
        "apple pay", "mobile payments", "contactless payments", "wallet app",
        "airdrop", "file sharing", "wireless transfer",
        "airplay", "screen mirroring", "wireless streaming",
        "handoff", "continuity", "universal control",
        "tim cook", "ceo", "chief executive officer",
        "craig federighi", "senior vice president software engineering", "hair force one",
        "johnny srouji", "senior vice president hardware technologies",
        "john ternus", "senior vice president hardware engineering",
        "eddy cue", "senior vice president services",
        "deirdre o'brien", "senior vice president people and retail",
        "luca maestri", "cfo", "chief financial officer",
        "katherine adams", "general counsel",
        "steve jobs", "co-founder", "founder", "former ceo", "think different",
        "steve wozniak", "woz", "co-founder",
        "jony ive", "former chief design officer", "design guru",
        "scott forstall", "former ios chief",
        "wwdc", "worldwide developers conference", "developers conference", "keynote", "apple event",
        "september event", "october event", "spring event", "apple keynote", "one more thing",
        "a17 pro", "a16 bionic", "a15 bionic", "a14 bionic", "m3", "m2", "m1", "apple silicon", "chip", "processor", "soc",
        "neural engine", "machine learning", "artificial intelligence", "core ml",
        "retina display", "super retina", "liquid retina", "promotion", "120hz", "true tone", "wide color gamut",
        "face id", "facial recognition", "touch id", "fingerprint", "biometric authentication",
        "magsafe", "magnetic charging", "wireless charging", "qi charging",
        "lightning", "lightning cable", "lightning connector",
        "usb-c", "usb type-c", "universal connector",
        "dynamic island", "notch", "all-screen design",
        "ceramic shield", "gorilla glass", "durability",
        "water resistance", "ip68", "ip67", "waterproof",
        "5g", "lte", "cellular", "wifi 6", "wifi 6e", "bluetooth",
        "lidar", "depth sensor", "ar", "augmented reality",
        "camera", "triple camera", "dual camera", "ultra wide", "telephoto", "macro", "cinematic mode", "portrait mode", "night mode", "deep fusion", "smart hdr", "photographic styles",
        "privacy", "app tracking transparency", "mail privacy protection", "private relay",
        "apple one", "subscription bundle", "icloud+", "apple music", "apple tv+", "apple arcade", "apple news+", "apple fitness+",
        "genius bar", "apple store", "retail", "apple support", "applecare", "extended warranty"
      ],
      "pesos": {
        "apple": 5, "iphone": 5, "tim cook": 5, "steve jobs": 5, "wwdc": 5, "ios": 4, "macbook": 4, "ipad": 4, "apple watch": 4, "airpods": 4, "keynote": 4, "face id": 3, "siri": 3, "app store": 3, "icloud": 3, "magsafe": 3, "retina": 3
      }
    },
    "google": {
      "hashtags": ["#Google", "#Android", "#tecnologia", "#tech", "#Alphabet"],
      "categoria": "tecnologia",
      "palabrasClaves": [
        "google", "alphabet inc", "mountain view", "googleplex", "1600 amphitheatre parkway",
        "android", "android 14", "android 13", "android 12", "android 11", "android 10", "mobile operating system",
        "chrome", "google chrome", "web browser", "chromebook", "chrome os",
        "gmail", "email", "google mail", "workspace",
        "youtube", "video platform", "streaming", "creators", "youtube premium", "youtube tv", "youtube music", "youtube shorts",
        "google search", "search engine", "web search", "google.com",
        "google maps", "maps", "navigation", "gps", "street view", "earth",
        "pixel", "pixel 8", "pixel 8 pro", "pixel 7", "pixel 7 pro", "pixel 7a", "pixel 6", "pixel 6 pro", "pixel 6a", "pixel buds", "pixel watch", "pixel tablet", "pixel fold",
        "nest", "nest hub", "nest mini", "nest audio", "nest thermostat", "nest cam", "nest doorbell", "smart home",
        "chromecast", "chromecast with google tv", "streaming device",
        "google tv", "android tv", "smart tv platform",
        "google one", "cloud storage", "storage subscription",
        "google drive", "cloud storage", "file storage", "docs", "sheets", "slides", "google workspace",
        "google photos", "photo storage", "photo backup", "unlimited storage",
        "google play", "play store", "android apps", "google play games", "google play movies", "google play books",
        "google assistant", "voice assistant", "ok google", "hey google", "smart assistant",
        "google home", "smart speaker", "voice control",
        "wear os", "smartwatch operating system", "wearables",
        "android auto", "car interface", "automotive",
        "google pay", "mobile payments", "contactless payments", "gpay",
        "sundar pichai", "ceo", "chief executive officer",
        "larry page", "co-founder", "founder", "alphabet ceo",
        "sergey brin", "co-founder", "founder", "alphabet president",
        "ruth porat", "cfo", "chief financial officer",
        "thomas kurian", "google cloud ceo",
        "rick osterloh", "devices and services",
        "hiroshi lockheimer", "android and chrome",
        "jeff dean", "ai chief", "artificial intelligence",
        "demis hassabis", "deepmind ceo",
        "neal mohan", "youtube ceo",
        "prabhakar raghavan", "search and ads",
        "bard", "chatbot", "ai assistant", "conversational ai",
        "gemini", "ai model", "large language model", "llm",
        "lamda", "language model", "conversational ai",
        "palm", "pathways language model",
        "tensorflow", "machine learning", "ai framework", "open source",
        "waymo", "self-driving cars", "autonomous vehicles", "robotaxis",
        "verily", "life sciences", "healthcare technology",
        "calico", "longevity research", "anti-aging",
        "x", "moonshot factory", "experimental projects",
        "deepmind", "artificial intelligence", "ai research",
        "google cloud", "gcp", "cloud computing", "cloud platform", "infrastructure",
        "firebase", "app development", "backend services",
        "kubernetes", "container orchestration", "k8s",
        "go", "programming language", "golang",
        "dart", "programming language", "flutter",
        "flutter", "ui framework", "cross-platform development",
        "material design", "design language", "material you",
        "project treble", "android architecture",
        "project mainline", "android modules",
        "android jetpack", "development libraries",
        "arcore", "augmented reality", "ar platform",
        "stadia", "cloud gaming", "game streaming",
        "google fiber", "high-speed internet", "gigabit internet",
        "project loon", "internet balloons", "connectivity",
        "project wing", "drone delivery", "autonomous delivery",
        "google glass", "smart glasses", "augmented reality glasses",
        "chromium", "open source browser", "web engine",
        "v8", "javascript engine", "js engine",
        "webrtc", "real-time communication", "web technology",
        "amp", "accelerated mobile pages", "web performance",
        "progressive web apps", "pwa", "web applications",
        "google fonts", "web fonts", "typography",
        "google analytics", "web analytics", "website tracking",
        "google ads", "adwords", "advertising platform", "ppc", "pay per click",
        "adsense", "ad network", "publisher platform",
        "doubleclick", "ad serving", "programmatic advertising",
        "youtube advertising", "video ads", "trueview",
        "google trends", "search trends", "data insights",
        "google scholar", "academic search", "research papers",
        "google translate", "translation service", "language translation",
        "google lens", "visual search", "image recognition",
        "live translate", "real-time translation",
        "google duplex", "ai calling", "automated calls",
        "google nest wifi", "mesh router", "wifi system",
        "titan security key", "two-factor authentication", "2fa",
        "privacy sandbox", "web privacy", "cookie alternatives",
        "right to be forgotten", "data privacy", "gdpr",
        "incognito mode", "private browsing", "privacy mode",
        "safe browsing", "web security", "malware protection",
        "google play protect", "android security", "app scanning",
        "android enterprise", "business solutions", "enterprise mobility",
        "gsuite", "google workspace", "business productivity",
        "google meet", "video conferencing", "video calls",
        "google chat", "team messaging", "business communication",
        "google sites", "website builder", "web creation",
        "google forms", "form builder", "surveys",
        "google keep", "note taking", "digital notes",
        "google contacts", "contact management", "address book",
        "google calendar", "calendar app", "scheduling",
        "google tasks", "task management", "todo list",
        "google news", "news aggregator", "news feed",
        "google podcasts", "podcast app", "audio content",
        "google fit", "fitness tracking", "health app",
        "google wallet", "digital wallet", "mobile payments",
        "google opinion rewards", "survey app", "rewards program",
        "google earth", "satellite imagery", "3d maps",
        "google street view", "panoramic imagery", "street level",
        "google my business", "business listings", "local search",
        "google shopping", "product search", "e-commerce",
        "google flights", "flight search", "travel booking",
        "google hotels", "hotel search", "accommodation",
        "google travel", "trip planning", "travel services"
      ],
      "pesos": {
        "google": 5, "android": 5, "chrome": 5, "gmail": 5, "youtube": 5, "sundar pichai": 5, "larry page": 5, "sergey brin": 5, "pixel": 4, "google search": 4, "google maps": 4, "bard": 4, "gemini": 4, "google assistant": 4, "tensorflow": 4, "google cloud": 3, "nest": 3, "chromecast": 3, "play store": 3
      }
    },
    "tesla": {
      "hashtags": ["#Tesla", "#ElonMusk", "#vehiculos-electricos", "#tecnologia", "#EV"],
      "categoria": "tecnologia",
      "palabrasClaves": [
        "tesla", "tesla inc", "tesla motors", "palo alto", "austin", "fremont", "gigafactory",
        "model s", "model 3", "model x", "model y", "cybertruck", "cyber truck", "roadster", "tesla roadster", "semi", "tesla semi",
        "elon musk", "elon", "ceo", "chief executive officer", "technoking",
        "drew baglino", "senior vice president", "powertrain and energy",
        "zachary kirkhorn", "former cfo", "master of coin",
        "vaibhav taneja", "cfo", "chief financial officer",
        "autopilot", "full self-driving", "fsd", "autonomous driving", "self-driving",
        "neural networks", "ai", "artificial intelligence", "computer vision",
        "supercharger", "supercharging", "charging network", "fast charging",
        "destination charger", "home charging", "wall connector",
        "battery", "lithium-ion", "battery pack", "energy density",
        "gigafactory 1", "gigafactory nevada", "gigafactory 2", "gigafactory 3", "gigafactory 4", "gigafactory berlin", "gigafactory texas", "gigafactory shanghai",
        "fremont factory", "california factory", "manufacturing",
        "powerwall", "powerpack", "megapack", "energy storage",
        "solar panels", "solar roof", "solar tiles", "renewable energy",
        "solarcity", "solar energy", "sustainable energy",
        "over-the-air updates", "ota updates", "software updates",
        "ludicrous mode", "plaid mode", "insane mode", "performance mode",
        "falcon wing doors", "gull wing doors", "model x doors",
        "frunk", "front trunk", "storage space",
        "bioweapon defense mode", "air filtration", "hepa filter",
        "sentry mode", "security mode", "surveillance",
        "dog mode", "cabin climate control", "pet safety",
        "camp mode", "camping mode", "rv mode",
        "karaoke", "caraoke", "entertainment system",
        "netflix", "youtube", "spotify", "entertainment apps",
        "arcade", "tesla arcade", "gaming", "video games",
        "web browser", "internet access", "connectivity",
        "mobile connector", "charging cable", "portable charger",
        "ccs", "combined charging system", "charging standard",
        "nacs", "north american charging standard", "tesla connector",
        "vehicle-to-grid", "v2g", "energy sharing",
        "range", "driving range", "electric range", "miles per charge",
        "efficiency", "energy efficiency", "mpge", "wh/mi",
        "regenerative braking", "regen", "energy recovery",
        "thermal management", "battery cooling", "temperature control",
        "structural battery pack", "4680 cells", "battery technology",
        "million mile battery", "battery longevity", "durability",
        "tabless battery", "battery design", "cell technology",
        "direct sales", "no dealerships", "online sales",
        "referral program", "tesla referral", "customer rewards",
        "service centers", "mobile service", "remote diagnostics",
        "parts and accessories", "tesla shop", "merchandise",
        "insurance", "tesla insurance", "vehicle insurance",
        "financing", "tesla financing", "auto loans",
        "leasing", "tesla leasing", "vehicle lease",
        "trade-in", "tesla trade-in", "vehicle exchange",
        "used cars", "tesla used", "certified pre-owned",
        "warranty", "tesla warranty", "vehicle coverage",
        "roadside assistance", "tesla roadside", "emergency service"
      ],
      "pesos": {
        "tesla": 5, "elon musk": 5, "model s": 5, "model 3": 5, "model x": 5, "model y": 5, "cybertruck": 5, "autopilot": 4, "supercharger": 4, "gigafactory": 4, "full self-driving": 4, "electric vehicle": 4, "ev": 4, "battery": 3, "charging": 3, "sustainable": 3
      }
    },
    "microsoft": {
      "hashtags": ["#Microsoft", "#Windows", "#Azure", "#tecnologia", "#tech"],
      "categoria": "tecnologia",
      "palabrasClaves": [
        "microsoft", "microsoft corporation", "redmond", "one microsoft way",
        "windows", "windows 11", "windows 10", "windows server", "operating system",
        "office", "microsoft office", "office 365", "microsoft 365", "word", "excel", "powerpoint", "outlook", "teams",
        "azure", "azure cloud", "cloud computing", "cloud services",
        "xbox", "xbox series x", "xbox series s", "xbox one", "xbox game pass", "gaming",
        "surface", "surface pro", "surface laptop", "surface studio", "surface book",
        "hololens", "mixed reality", "augmented reality",
        "visual studio", "vs code", "development tools", "programming",
        "sql server", "database", "sql",
        "sharepoint", "collaboration", "enterprise",
        "dynamics", "dynamics 365", "crm", "erp",
        "power platform", "power bi", "power apps", "power automate",
        "github", "git", "version control", "open source",
        "linkedin", "professional network", "social network",
        "skype", "video calling", "communication",
        "bing", "search engine", "web search",
        "edge", "microsoft edge", "web browser",
        "onedrive", "cloud storage", "file storage",
        "satya nadella", "ceo", "chief executive officer",
        "brad smith", "president", "chief legal officer",
        "amy hood", "cfo", "chief financial officer",
        "scott guthrie", "executive vice president cloud and ai",
        "rajesh jha", "executive vice president experiences and devices",
        "kathleen hogan", "chief people officer",
        "bill gates", "co-founder", "founder", "former ceo",
        "paul allen", "co-founder", "founder",
        "steve ballmer", "former ceo",
        "copilot", "ai assistant", "artificial intelligence",
        "chatgpt", "openai", "ai partnership",
        "cortana", "voice assistant", "smart assistant",
        "kinect", "motion sensor", "gesture control",
        "directx", "graphics api", "gaming api",
        ".net", "dotnet", "programming framework",
        "c#", "csharp", "programming language",
        "typescript", "javascript", "programming language",
        "powershell", "command line", "scripting",
        "hyper-v", "virtualization", "virtual machines",
        "active directory", "identity management", "authentication",
        "exchange", "email server", "messaging",
        "intune", "mobile device management", "mdm",
        "defender", "antivirus", "security",
        "sentinel", "security information", "siem",
        "azure ad", "azure active directory", "identity",
        "cognitive services", "ai services", "machine learning",
        "bot framework", "chatbots", "conversational ai",
        "quantum", "quantum computing", "q#",
        "mixed reality", "vr", "virtual reality",
        "minecraft", "gaming", "sandbox game",
        "flight simulator", "simulation", "aviation",
        "forza", "racing game", "motorsport",
        "halo", "gaming franchise", "first person shooter",
        "gears of war", "gaming franchise", "third person shooter"
      ],
      "pesos": {
        "microsoft": 5, "windows": 5, "azure": 5, "office": 5, "satya nadella": 5, "bill gates": 5, "xbox": 4, "teams": 4, "surface": 4, "github": 4, "linkedin": 4, "copilot": 4, "cloud": 3, "ai": 3, "gaming": 3
      }
    },
    "amazon": {
      "hashtags": ["#Amazon", "#AWS", "#tecnologia", "#ecommerce", "#cloud"],
      "categoria": "tecnologia",
      "palabrasClaves": [
        "amazon", "amazon.com", "seattle", "bellevue", "day 1",
        "aws", "amazon web services", "cloud computing", "cloud services",
        "prime", "amazon prime", "prime video", "prime music", "prime delivery",
        "alexa", "echo", "echo dot", "echo show", "smart speaker", "voice assistant",
        "kindle", "kindle fire", "e-reader", "digital books",
        "fire tv", "fire stick", "streaming device",
        "whole foods", "grocery", "organic food",
        "twitch", "streaming", "gaming", "live streaming",
        "audible", "audiobooks", "podcasts",
        "imdb", "internet movie database", "movies", "tv shows",
        "goodreads", "books", "reading", "book reviews",
        "ring", "doorbell", "home security", "surveillance",
        "eero", "mesh router", "wifi system",
        "blink", "security camera", "home monitoring",
        "amazon go", "cashierless store", "just walk out",
        "amazon fresh", "grocery delivery", "online grocery",
        "amazon pharmacy", "prescription delivery", "healthcare",
        "jeff bezos", "founder", "executive chairman", "former ceo",
        "andy jassy", "ceo", "chief executive officer", "former aws ceo",
        "brian olsavsky", "cfo", "chief financial officer",
        "dave clark", "former ceo worldwide consumer",
        "adam selipsky", "aws ceo",
        "werner vogels", "cto", "chief technology officer",
        "ec2", "elastic compute cloud", "virtual machines",
        "s3", "simple storage service", "object storage",
        "rds", "relational database service", "managed database",
        "lambda", "serverless computing", "functions as a service",
        "cloudfront", "content delivery network", "cdn",
        "route 53", "dns", "domain name system",
        "vpc", "virtual private cloud", "networking",
        "iam", "identity and access management", "security",
        "cloudwatch", "monitoring", "logging",
        "cloudformation", "infrastructure as code", "automation",
        "elastic beanstalk", "platform as a service", "paas",
        "sagemaker", "machine learning", "ai platform",
        "rekognition", "image recognition", "computer vision",
        "comprehend", "natural language processing", "nlp",
        "polly", "text-to-speech", "voice synthesis",
        "lex", "chatbot", "conversational interfaces",
        "marketplace", "third-party sellers", "fba", "fulfillment by amazon",
        "seller central", "vendor central", "business platform",
        "advertising", "sponsored products", "ppc advertising",
        "logistics", "fulfillment centers", "delivery",
        "prime day", "black friday", "cyber monday", "shopping events",
        "one-day delivery", "same-day delivery", "next-day delivery",
        "drone delivery", "prime air", "aerial delivery",
        "sustainability", "climate pledge", "renewable energy",
        "innovation", "research and development", "r&d",
        "patents", "intellectual property", "technology licensing"
      ],
      "pesos": {
        "amazon": 5, "aws": 5, "jeff bezos": 5, "andy jassy": 5, "prime": 5, "alexa": 4, "kindle": 4, "ec2": 4, "s3": 4, "cloud": 4, "ecommerce": 4, "delivery": 3, "marketplace": 3, "streaming": 3
      }
    },
    "meta": {
      "hashtags": ["#Meta", "#Facebook", "#Instagram", "#WhatsApp", "#VR"],
      "categoria": "tecnologia",
      "palabrasClaves": [
        "meta", "meta platforms", "menlo park", "facebook headquarters",
        "facebook", "fb", "social network", "social media",
        "instagram", "ig", "photo sharing", "stories", "reels",
        "whatsapp", "messaging", "chat", "instant messaging",
        "messenger", "facebook messenger", "video calling",
        "threads", "twitter competitor", "text-based social network",
        "oculus", "meta quest", "quest 2", "quest 3", "vr headset", "virtual reality",
        "metaverse", "virtual world", "digital world", "3d internet",
        "horizon worlds", "vr social", "virtual reality social",
        "reality labs", "vr division", "ar vr research",
        "portal", "video calling device", "smart display",
        "workplace", "facebook workplace", "enterprise communication",
        "mark zuckerberg", "ceo", "founder", "chief executive officer",
        "sheryl sandberg", "former coo", "chief operating officer",
        "nick clegg", "president global affairs",
        "susan li", "cfo", "chief financial officer",
        "andrew bosworth", "cto", "chief technology officer", "reality labs",
        "chris cox", "chief product officer",
        "jennifer newstead", "general counsel",
        "react", "javascript library", "web framework",
        "graphql", "query language", "api",
        "pytorch", "machine learning", "deep learning framework",
        "llama", "large language model", "ai model",
        "ai", "artificial intelligence", "machine learning",
        "feed", "news feed", "timeline", "algorithm",
        "like", "share", "comment", "engagement",
        "privacy", "data protection", "gdpr compliance",
        "advertising", "facebook ads", "instagram ads", "targeted advertising",
        "business", "facebook business", "instagram business", "marketing platform",
        "pages", "facebook pages", "business pages",
        "groups", "facebook groups", "communities",
        "marketplace", "facebook marketplace", "buying selling",
        "gaming", "facebook gaming", "instant games",
        "watch", "facebook watch", "video platform",
        "live", "facebook live", "instagram live", "live streaming",
        "creator", "content creator", "influencer",
        "monetization", "creator fund", "revenue sharing",
        "ar", "augmented reality", "camera effects", "filters",
        "spark ar", "ar platform", "ar creation tools",
        "libra", "diem", "cryptocurrency", "digital currency",
        "novi", "digital wallet", "crypto wallet",
        "connectivity", "internet.org", "internet access",
        "aquila", "internet drone", "connectivity project",
        "terragraph", "wireless internet", "urban connectivity",
        "express wifi", "public wifi", "internet access"
      ],
      "pesos": {
        "meta": 5, "facebook": 5, "instagram": 5, "whatsapp": 5, "mark zuckerberg": 5, "metaverse": 5, "oculus": 4, "virtual reality": 4, "vr": 4, "quest": 4, "social media": 4, "messenger": 3, "threads": 3, "ar": 3, "advertising": 3
      }
    },
    "netflix": {
      "hashtags": ["#Netflix", "#streaming", "#series", "#peliculas", "#entretenimiento"],
      "categoria": "entretenimiento",
      "palabrasClaves": [
        "netflix", "netflix inc", "los gatos", "streaming", "video streaming",
        "reed hastings", "co-founder", "executive chairman",
        "ted sarandos", "co-ceo", "chief content officer",
        "greg peters", "co-ceo", "chief operating officer",
        "spencer neumann", "cfo", "chief financial officer",
        "bela bajaria", "chief content officer",
        "scott stuber", "head of global films",
        "original content", "netflix originals", "exclusive content",
        "stranger things", "the crown", "ozark", "narcos", "house of cards",
        "squid game", "bridgerton", "the witcher", "money heist", "la casa de papel",
        "orange is the new black", "black mirror", "mindhunter", "the umbrella academy",
        "series", "tv shows", "television", "binge watching",
        "movies", "films", "cinema", "blockbuster",
        "documentaries", "docuseries", "true crime", "nature documentaries",
        "kids content", "family friendly", "children shows", "animation",
        "international content", "foreign language", "subtitles", "dubbing",
        "algorithm", "recommendation engine", "personalization",
        "profiles", "user profiles", "family accounts",
        "download", "offline viewing", "mobile download",
        "4k", "ultra hd", "hdr", "dolby vision", "dolby atmos",
        "smart tv", "roku", "apple tv", "chromecast", "fire tv",
        "mobile app", "ios app", "android app", "tablet app",
        "subscription", "monthly plan", "premium plan", "basic plan", "standard plan",
        "password sharing", "account sharing", "multiple users",
        "cancel subscription", "pause membership", "billing",
        "competition", "disney plus", "hbo max", "amazon prime video", "apple tv plus",
        "content library", "catalog", "new releases", "coming soon",
        "trending", "top 10", "most watched", "popular",
        "genres", "comedy", "drama", "action", "thriller", "horror", "romance",
        "ratings", "thumbs up", "thumbs down", "star rating",
        "my list", "watchlist", "continue watching", "recently watched",
        "autoplay", "next episode", "skip intro", "skip credits",
        "parental controls", "kids profiles", "mature content",
        "global expansion", "international markets", "localization",
        "production studios", "content creation", "film production",
        "talent", "actors", "directors", "producers", "writers",
        "awards", "emmys", "oscars", "golden globes", "film festivals",
        "technology", "cloud computing", "aws", "content delivery",
        "data analytics", "viewer analytics", "engagement metrics",
        "marketing", "social media marketing", "influencer partnerships"
      ],
      "pesos": {
        "netflix": 5, "streaming": 5, "stranger things": 5, "squid game": 5, "reed hastings": 4, "ted sarandos": 4, "series": 4, "movies": 4, "original content": 4, "binge watching": 3, "algorithm": 3, "subscription": 3, "4k": 3
      }
    },
    "spotify": {
      "hashtags": ["#Spotify", "#musica", "#streaming", "#podcast", "#audio"],
      "categoria": "entretenimiento",
      "palabrasClaves": [
        "spotify", "spotify technology", "stockholm", "music streaming",
        "daniel ek", "ceo", "co-founder", "chief executive officer",
        "martin lorentzon", "co-founder", "chairman",
        "paul vogel", "cfo", "chief financial officer",
        "gustav soderstrom", "chief research and development officer",
        "dawn ostroff", "chief content and advertising business officer",
        "music", "songs", "tracks", "albums", "artists",
        "playlists", "discover weekly", "release radar", "daily mix",
        "podcast", "podcasts", "audio content", "talk shows",
        "joe rogan", "the joe rogan experience", "exclusive podcast",
        "spotify wrapped", "year in review", "listening statistics",
        "premium", "spotify premium", "ad-free", "offline listening",
        "free tier", "ad-supported", "freemium model",
        "family plan", "student discount", "duo plan",
        "algorithm", "recommendation engine", "machine learning",
        "shuffle", "repeat", "queue", "play controls",
        "lyrics", "song lyrics", "karaoke mode",
        "social features", "follow friends", "share music",
        "collaborative playlists", "blend playlists", "group session",
        "mobile app", "desktop app", "web player",
        "smart speakers", "alexa", "google home", "voice control",
        "car integration", "spotify car thing", "android auto", "carplay",
        "connect", "spotify connect", "multi-device playback",
        "hifi", "lossless audio", "high quality streaming",
        "audiobooks", "audio books", "spoken word content",
        "live audio", "clubhouse competitor", "audio conversations",
        "artists", "musicians", "record labels", "music industry",
        "royalties", "artist payments", "streaming revenue",
        "charts", "top 50", "viral 50", "trending music",
        "genres", "pop", "rock", "hip hop", "electronic", "classical",
        "mood", "workout", "chill", "party", "focus music",
        "discovery", "new music", "emerging artists", "indie music",
        "global", "international music", "local content",
        "advertising", "audio ads", "display ads", "sponsored content",
        "analytics", "spotify for artists", "listener insights",
        "competition", "apple music", "youtube music", "amazon music"
      ],
      "pesos": {
        "spotify": 5, "music streaming": 5, "daniel ek": 4, "playlist": 4, "discover weekly": 4, "podcast": 4, "joe rogan": 4, "spotify wrapped": 4, "premium": 3, "algorithm": 3, "artists": 3, "music": 3
      }
    },
    "politica_espana": {
      "hashtags": ["#politica", "#españa", "#gobierno", "#congreso", "#elecciones"],
      "categoria": "politica",
      "palabrasClaves": [
        "pedro sanchez", "sanchez", "presidente del gobierno", "psoe",
        "alberto nuñez feijoo", "feijoo", "partido popular", "pp",
        "yolanda diaz", "sumar", "vicepresidenta", "trabajo",
        "santiago abascal", "vox", "extrema derecha",
        "ione belarra", "podemos", "unidas podemos",
        "gabriel rufian", "esquerra republicana", "erc", "independentismo catalan",
        "miren gorrotxategi", "eh bildu", "independentismo vasco",
        "congreso de los diputados", "senado", "cortes generales",
        "moncloa", "palacio de la moncloa", "sede del gobierno",
        "consejo de ministros", "ministros", "ministerios",
        "elecciones generales", "elecciones autonomicas", "elecciones municipales",
        "andalucia", "cataluña", "madrid", "valencia", "galicia", "pais vasco",
        "comunidades autonomas", "ayuntamientos", "diputaciones",
        "isabel diaz ayuso", "ayuso", "presidenta madrid", "pp madrid",
        "pere aragones", "president catalunya", "generalitat",
        "inigo urkullu", "lehendakari", "pais vasco", "pnv",
        "juanma moreno", "presidente andalucia", "pp andalucia",
        "ximo puig", "president valencia", "psoe valencia",
        "alberto ruiz gallardon", "gallardón", "pp madrid",
        "constitucion española", "articulo 155", "estado de alarma",
        "mocion de censura", "investidura", "coalicion de gobierno",
        "pactos", "acuerdos", "negociaciones", "bloques parlamentarios",
        "independentismo", "cataluña independencia", "referendum ilegal",
        "proces", "declaracion unilateral independencia", "dui",
        "presos politicos", "exiliados", "amnistia", "indultos",
        "corrupcion", "caso gurtel", "caso punica", "caso eres",
        "tribunal supremo", "tribunal constitucional", "audiencia nacional",
        "fiscalia", "fiscalia general del estado", "ministerio publico",
        "cgpj", "consejo general del poder judicial", "renovacion",
        "eurodiputados", "parlamento europeo", "union europea",
        "otan", "alianza atlantica", "defensa", "ejercito",
        "guardia civil", "policia nacional", "mossos d'esquadra",
        "ertzaintza", "policia autonomica", "seguridad ciudadana",
        "eta", "terrorismo", "victimas del terrorismo", "memoria historica",
        "guerra civil", "franquismo", "transicion democratica",
        "rey felipe vi", "casa real", "monarquia", "republica",
        "zarzuela", "protocolo real", "sucesion",
        "presupuestos generales", "pge", "deficit", "deuda publica",
        "impuestos", "iva", "irpf", "patrimonio", "sucesiones",
        "pensiones", "seguridad social", "jubilacion", "paro",
        "sanidad publica", "educacion publica", "servicios publicos",
        "dependencia", "ley de dependencia", "cuidados",
        "vivienda", "alquiler", "hipotecas", "precio vivienda",
        "inmigration", "fronteras", "ceuta", "melilla", "pateras",
        "asilo", "refugiados", "regularizacion", "extranjeria",
        "feminismo", "ley del solo si es si", "violencia de genero",
        "igualdad", "ministerio de igualdad", "irene montero",
        "lgbti", "matrimonio igualitario", "transexualidad",
        "cambio climatico", "transicion ecologica", "energias renovables",
        "nuclear", "centrales nucleares", "carbon", "gas natural"
      ],
      "pesos": {
        "pedro sanchez": 5, "feijoo": 5, "yolanda diaz": 5, "abascal": 5, "psoe": 4, "pp": 4, "vox": 4, "sumar": 4, "congreso": 4, "elecciones": 4, "gobierno": 4, "cataluña": 3, "madrid": 3, "independentismo": 3, "politica": 3
      }
    },
    "economia": {
      "hashtags": ["#economia", "#finanzas", "#bolsa", "#mercados", "#inversion"],
      "categoria": "economia",
      "palabrasClaves": [
        "ibex 35", "madrid stock exchange", "bolsa de madrid", "bmv",
        "santander", "banco santander", "ana botin", "banca",
        "bbva", "banco bilbao vizcaya", "carlos torres", "fintech",
        "telefonica", "jose maria alvarez pallete", "telecomunicaciones",
        "iberdrola", "ignacio galan", "energia", "renovables",
        "repsol", "josu jon imaz", "petroleo", "gas", "energia",
        "inditex", "amancio ortega", "zara", "textil", "moda",
        "mercadona", "juan roig", "distribucion", "supermercados",
        "ferrovial", "rafael del pino", "construccion", "infraestructuras",
        "acs", "florentino perez", "construccion", "concesiones",
        "aena", "aeropuertos", "aviation", "transporte aereo",
        "banco de españa", "pablo hernandez de cos", "politica monetaria",
        "bce", "banco central europeo", "christine lagarde", "tipos de interes",
        "fed", "reserva federal", "jerome powell", "dolar",
        "euro", "tipo de cambio", "divisa", "moneda",
        "inflacion", "ipc", "indice precios consumo", "carestia",
        "pib", "producto interior bruto", "crecimiento economico",
        "paro", "desempleo", "epa", "encuesta poblacion activa",
        "empleo", "ocupacion", "mercado laboral", "contratacion",
        "salario minimo", "smi", "convenios colectivos", "sueldos",
        "hipotecas", "euribor", "tipos de interes", "credito",
        "vivienda", "precio vivienda", "mercado inmobiliario",
        "impuestos", "hacienda", "agencia tributaria", "declaracion renta",
        "iva", "irpf", "sociedades", "patrimonio", "sucesiones",
        "presupuestos", "deficit", "deuda publica", "estabilidad",
        "union europea", "fondos europeos", "next generation",
        "recuperacion", "transformacion", "resilencia",
        "digitalizacion", "transicion digital", "tecnologia",
        "sostenibilidad", "transicion ecologica", "green deal",
        "startups", "emprendimiento", "innovacion", "venture capital",
        "criptomonedas", "bitcoin", "ethereum", "blockchain",
        "fintech", "neobancos", "pagos digitales", "insurtech",
        "ecommerce", "comercio electronico", "amazon", "alibaba",
        "nasdaq", "sp500", "dow jones", "wall street",
        "londres", "ftse", "dax", "cac40", "nikkei",
        "petroleo", "brent", "wti", "opep", "commodities",
        "oro", "plata", "metales preciosos", "materias primas",
        "trading", "inversion", "fondos", "etfs", "acciones",
        "bonos", "renta fija", "deuda soberana", "yield",
        "volatilidad", "riesgo", "diversificacion", "portfolio"
      ],
      "pesos": {
        "ibex 35": 5, "bolsa": 5, "santander": 5, "bbva": 5, "telefonica": 5, "iberdrola": 5, "inditex": 4, "banco de españa": 4, "bce": 4, "inflacion": 4, "pib": 4, "paro": 4, "euro": 3, "empleo": 3, "hipotecas": 3, "economia": 3
      }
    },
    "salud": {
      "hashtags": ["#salud", "#medicina", "#sanidad", "#covid", "#vacunas"],
      "categoria": "salud",
      "palabrasClaves": [
        "covid-19", "coronavirus", "sars-cov-2", "pandemia", "oms",
        "vacunas", "pfizer", "moderna", "astrazeneca", "janssen",
        "vacunacion", "dosis", "pauta completa", "dosis de refuerzo",
        "inmunidad", "anticuerpos", "inmunidad de grupo", "rebaño",
        "variantes", "alfa", "beta", "gamma", "delta", "omicron",
        "pcr", "test antígenos", "test rapido", "diagnostico",
        "sintomas", "fiebre", "tos", "perdida olfato", "fatiga",
        "cuarentena", "aislamiento", "contactos estrechos", "rastreo",
        "mascarillas", "ffp2", "quirurgicas", "proteccion",
        "distancia social", "medidas preventivas", "confinamiento",
        "uci", "cuidados intensivos", "hospitalizacion", "saturacion",
        "personal sanitario", "medicos", "enfermeras", "auxiliares",
        "ministerio sanidad", "carolina darias", "sanidad publica",
        "sistema nacional salud", "sns", "comunidades autonomas",
        "centros salud", "atencion primaria", "medico cabecera",
        "hospitales", "atencion especializada", "urgencias",
        "listas espera", "demora quirurgica", "oncologia",
        "medicamentos", "farmacos", "industria farmaceutica",
        "farmacia", "farmacias", "colegios farmaceuticos",
        "investigacion", "ensayos clinicos", "investigacion medica",
        "cancer", "oncologia", "tumores", "quimioterapia",
        "cardiopatias", "enfermedades cardiovasculares", "infarto",
        "diabetes", "glucosa", "insulina", "endocrinologia",
        "alzheimer", "demencia", "neurologia", "parkinson",
        "salud mental", "depresion", "ansiedad", "psicologia",
        "psiquiatria", "terapia", "antidepresivos", "suicidio",
        "pediatria", "neonatos", "vacunas infantiles", "desarrollo",
        "ginecologia", "obstetricia", "embarazo", "parto",
        "geriatria", "envejecimiento", "tercera edad", "dependencia",
        "trasplantes", "donacion organos", "lista espera trasplante",
        "ictus", "accidente cerebrovascular", "rehabilitacion",
        "traumatologia", "fracturas", "ortopedia", "cirugia",
        "oftalmologia", "vision", "cataratas", "glaucoma",
        "dermatologia", "piel", "melanoma", "cancer piel",
        "urologia", "prostata", "cancer prostata", "riñones",
        "digestivo", "hepatitis", "cirrosis", "cancer colon",
        "neumologia", "pulmones", "asma", "epoc", "fibrosis",
        "reumatologia", "artritis", "artrosis", "fibromialgia",
        "endocrinologia", "tiroides", "hormonas", "metabolismo",
        "hematologia", "sangre", "leucemia", "anemia",
        "infectologia", "antibioticos", "resistencias", "sepsis",
        "radiologia", "tac", "resonancia", "ecografia", "radiografia",
        "laboratorio", "analisis", "bioquimica", "microbiologia",
        "anatomia patologica", "biopsia", "citologia", "histologia"
      ],
      "pesos": {
        "covid-19": 5, "vacunas": 5, "coronavirus": 5, "pandemia": 5, "oms": 4, "sanidad": 4, "medicos": 4, "hospitales": 4, "cancer": 4, "salud mental": 3, "medicamentos": 3, "investigacion": 3, "uci": 3
      }
    },
    "cine": {
      "hashtags": ["#cine", "#peliculas", "#hollywood", "#actores", "#directores"],
      "categoria": "entretenimiento",
      "palabrasClaves": [
        "oscars", "academy awards", "premios oscar", "ceremonia",
        "cannes", "festival cannes", "palma oro", "festival cine",
        "venecia", "festival venecia", "leon oro", "mostra",
        "berlin", "berlinale", "oso oro", "festival berlin",
        "hollywood", "los angeles", "industria cine", "estudios",
        "disney", "walt disney", "pixar", "marvel", "star wars",
        "universal", "universal studios", "jurassic park", "fast furious",
        "warner bros", "dc comics", "batman", "superman", "matrix",
        "paramount", "tom cruise", "mission impossible", "top gun",
        "sony pictures", "spider-man", "columbia pictures",
        "netflix", "amazon prime", "apple tv", "streaming",
        "directores", "martin scorsese", "christopher nolan", "quentin tarantino",
        "steven spielberg", "ridley scott", "denis villeneuve",
        "jordan peele", "greta gerwig", "chloe zhao", "bong joon-ho",
        "actores", "leonardo dicaprio", "brad pitt", "tom hanks",
        "denzel washington", "morgan freeman", "robert de niro",
        "al pacino", "anthony hopkins", "joaquin phoenix",
        "actrices", "meryl streep", "cate blanchett", "frances mcdormand",
        "scarlett johansson", "jennifer lawrence", "emma stone",
        "margot robbie", "saoirse ronan", "viola davis",
        "blockbusters", "taquilla", "box office", "recaudacion",
        "superhéroes", "marvel cinematic universe", "mcu", "dc extended universe",
        "secuelas", "franquicias", "sagas", "reboots", "remakes",
        "animacion", "pixar", "dreamworks", "studio ghibli",
        "cine independiente", "indie films", "sundance", "a24",
        "efectos especiales", "cgi", "vfx", "motion capture",
        "banda sonora", "compositor", "hans zimmer", "john williams",
        "cinematografia", "director fotografia", "roger deakins",
        "montaje", "editor", "guion", "guionista", "screenplay",
        "produccion", "productor", "presupuesto", "financiacion",
        "distribucion", "exhibicion", "cines", "multiplex",
        "critica", "reseñas", "rotten tomatoes", "metacritic",
        "generos", "drama", "comedia", "accion", "thriller",
        "terror", "horror", "ciencia ficcion", "fantasia",
        "romance", "musical", "western", "noir", "documental",
        "cine español", "pedro almodovar", "alejandro amenabar",
        "luis buñuel", "carlos saura", "victor erice",
        "festival sitges", "festival san sebastian", "goyas",
        "cine latino", "guillermo del toro", "alfonso cuaron",
        "alejandro gonzález iñárritu", "tres amigos", "amores perros"
      ],
      "pesos": {
        "oscars": 5, "hollywood": 5, "cannes": 5, "marvel": 5, "disney": 5, "netflix": 4, "streaming": 4, "scorsese": 4, "nolan": 4, "tarantino": 4, "spielberg": 4, "leonardo dicaprio": 4, "meryl streep": 3, "taquilla": 3, "superhéroes": 3, "cine": 3
      }
    },
    "musica": {
      "hashtags": ["#musica", "#conciertos", "#artistas", "#album", "#canciones"],
      "categoria": "entretenimiento",
      "palabrasClaves": [
        "grammy", "premios grammy", "recording academy", "ceremonia",
        "billboard", "billboard hot 100", "chart", "lista exitos",
        "spotify", "apple music", "streaming", "plataformas musicales",
        "conciertos", "giras", "tour", "festivales", "live music",
        "coachella", "glastonbury", "lollapalooza", "festival musica",
        "rock", "pop", "hip hop", "rap", "reggaeton", "trap",
        "country", "folk", "jazz", "blues", "classical", "electronica",
        "indie", "alternative", "punk", "metal", "funk", "soul",
        "taylor swift", "beyonce", "drake", "ed sheeran", "adele",
        "bad bunny", "j balvin", "maluma", "rosalia", "c tangana",
        "the weeknd", "dua lipa", "ariana grande", "billie eilish",
        "harry styles", "justin bieber", "rihanna", "lady gaga",
        "kanye west", "jay-z", "eminem", "kendrick lamar",
        "coldplay", "imagine dragons", "maroon 5", "onerepublic",
        "the beatles", "queen", "led zeppelin", "pink floyd",
        "michael jackson", "madonna", "prince", "elvis presley",
        "bob dylan", "johnny cash", "bruce springsteen",
        "discograficas", "sony music", "universal music", "warner music",
        "album", "ep", "single", "tracklist", "colaboracion",
        "productor", "compositor", "letrista", "arreglista",
        "estudio", "grabacion", "mezcla", "masterizacion",
        "video musical", "clip", "youtube", "vevo", "mtv",
        "radio", "emisoras", "podcast musical", "programa radio",
        "vinilo", "cd", "digital", "streaming", "descarga",
        "musica en vivo", "acustico", "unplugged", "jam session",
        "banda", "grupo", "solista", "duo", "orquesta",
        "instrumentos", "guitarra", "piano", "bateria", "bajo",
        "voz", "vocal", "cantante", "soprano", "tenor",
        "gira mundial", "sold out", "entradas", "taquilla",
        "fanbase", "fandom", "seguidores", "fans", "admiradores"
      ],
      "pesos": {
        "grammy": 5, "billboard": 5, "taylor swift": 5, "beyonce": 5, "bad bunny": 5, "spotify": 4, "conciertos": 4, "streaming": 4, "festival": 4, "rosalia": 4, "drake": 4, "album": 3, "gira": 3, "musica": 3, "rock": 3, "pop": 3
      }
    }
  }
}